{"0":8,"0_0":[-0.31686565250141,0.784277066246224,-0.14392200204403,-0.76626372009338,-0.04342463233454,0.795145189216687,0.485172238722662,-0.95303905577975],"0_1":[-0.73680022297708,0.23288158594872,0.765715178323804,0.328380773447531,0.875631787155552,-0.38292322640842,0.684466115493432,-0.6524839374121],"0_2":[-0.16043064616753,0.169604363836139,-0.28373061202461,-0.93817490256742,0.958960479982971,-0.087961666035,-0.13137998629599,0.353408113552526],"0_3":[0.584022647436704,-0.86809014835363,-0.65045971966733,-0.05159920561407,-0.99155400315514,-0.45353407612997,0.202857736762195,-0.05705148335843],"0_4":[-0.38797697931302,0.38420181809524,0.667179301874246,-0.60700077288924,-0.60968145823124,0.961182111834058,-0.58071212509496,-0.80833901934867],"0_5":[-0.87374180390985,0.41015620720607,-0.40273935189934,-0.18275147435039,0.583873990133533,-0.21977457308583,-0.47203067651388,0.786152697713068],"0_6":[0.679514044383085,-0.51444324365686,0.00142900550621672,0.233223034882261,-0.93631659494884,-0.05212661235854,-0.55536802208044,-0.87871167169834],"0_7":[-0.98199417666711,0.700894850038414,-0.31202376541478,-0.79424079287856,-0.09696028256372,0.568877151886407,-0.07709780557963,0.881504612520594],"0_bias":[6.03996241171779,-6.01566319262583,7.43648194533641,-5.55623632185468,-0.95483219461988,6.46946324509072,1.69342390514166,-5.12387028140217],"1":8,"1_0":[0.610082749189645,0.223676185774624,-0.10485106153538,-0.09896206633329,0.828643209834184,-0.19626915303008,-0.20581408097867,-0.91020185125982],"1_1":[-0.95701645752311,0.834943847219343,0.946814843320744,0.675714737218603,0.159817076490373,-0.88794239935474,-0.22849773285473,0.0213758098084846],"1_2":[0.395282594565518,-0.82360834869363,-0.24768750308236,0.611092442158454,0.106953699330189,-0.43824405749202,-0.89230423221438,-0.32678617718348],"1_3":[0.330295321896929,-0.22065282071549,0.0695032041686323,0.831750449448972,0.17026846677515,0.218067629948999,-0.19284320630098,0.64640695168048],"1_4":[0.477598641865804,0.919907015416411,0.901328909929018,-0.60987568223642,-0.90535147689112,0.27129546577514,0.107496044147845,0.398763475119009],"1_5":[0.999294266671173,-0.74150615870601,-0.04098832012397,-0.20440322758019,0.193303570484779,0.636127903570755,-0.08222254579122,-0.33389161807056],"1_6":[0.134339789668307,-0.50745471471226,-0.77568173725111,0.374641863476392,-0.63834616095225,0.478435924767195,0.43749247382775,0.369275726448683],"1_7":[0.861576823652992,-0.70409124750189,0.713926269261266,0.166926706606136,0.678499498094816,-0.55788744472514,0.360104402030071,-0.22353070257398],"1_bias":[4.60778625656137,4.72187707227937,-4.90381064915459,0.775106043210929,1.874132058002,2.12674645713989,-5.76536073277933,1.05538703839798],"2":1,"2_0":[0.0784917087224084,0.97813370571282,0.555843907784652,0.930923608225088,-0.0412629240915,0.600194028641385,-0.43843381117109,0.670307952896536],"2_bias":[4.04596636226067],"input_amount":8,"layer_amount":3}