{"0":8,"0_0":[-0.69163257995237,-0.48974575056739,0.197495999748467,0.431153951234193,0.656409568681014,0.184484235224031,0.285821248131217,0.622514877608242],"0_1":[0.913185193331887,0.290325177612789,-0.64744004832436,0.689255555268429,-0.99717720126191,-0.33976550873838,0.258808356126809,0.256450343810641],"0_2":[-0.38861551742339,-0.49334257362302,-0.77607960070147,0.404793553799762,0.661832142000498,-0.5875266710428,0.0643198852070741,0.037847692868316],"0_3":[0.0476339595283122,-0.18492115169443,-0.80581418788884,0.415514296608644,0.410555162166182,0.427670854476622,0.0508000220241998,-0.80566697384389],"0_4":[-0.84986355066643,0.744113693710765,0.516476668555966,0.37310607420404,-0.43258484842756,-0.89815020166721,-0.41405673506478,0.112638940976114],"0_5":[-0.63888575128507,-0.35749543438168,0.0836931510706131,0.982464720003229,0.0308691610969711,-0.99164158754608,-0.28483887716199,0.173262525516422],"0_6":[-0.39848827105671,0.885197194099159,0.861014094599534,0.00212882007056825,0.709199575459189,0.539639838249549,-0.41298933611926,0.410738489326666],"0_7":[-0.1392863190286,0.287959156165428,-0.54628518355725,0.597577506494447,0.888767506136076,0.910266215168161,0.308323212981465,-0.04328786194221],"0_bias":[4.59194083272944,6.45943662408301,6.46920505857175,-7.19945255831148,0.528711052339629,-3.38918559984499,-7.69193045639206,-0.06395068058175],"1":8,"1_0":[0.900459690953998,-0.15124002137157,-0.69537261906658,-0.73358675271474,-0.44985053107552,-0.92038752688105,-0.51473999519151,0.871522376138456],"1_1":[0.47216454842801,-0.08987372585999,0.0798811527252434,-0.14673263821091,-0.4141104782082,0.690736478189745,0.633398125538639,-0.3511589613037],"1_2":[-0.3993990455638,0.468700058809703,-0.69019664982309,0.453125753959918,0.255389838194245,-0.81337191435797,-0.22356014931484,0.339124106860125],"1_3":[-0.6218135452475,-0.21888446320252,0.598987045019989,-0.16119018786613,-0.61382294919107,0.131618038559314,0.0159073261031313,0.0678891240831783],"1_4":[0.184213516043773,0.670801696111316,-0.55077274996272,-0.99424569267545,0.898325466618924,-0.27606872030711,-0.80664875926072,-0.66066636612031],"1_5":[0.505669220181171,-0.58643126776043,0.217505421819573,0.220194390037266,0.0715482971505641,-0.47594735849384,0.724289944841043,-0.35092442043352],"1_6":[0.0634943905323977,0.793837534391271,-0.37886571783204,0.391795056644291,0.176986263491576,-0.13046587164443,-0.70738952046446,0.680860658072787],"1_7":[0.407164492451419,-0.56630598332329,-0.81120581947349,-0.75944813421644,0.862934860931005,-0.90230183015808,-0.77399231753077,0.441050877679816],"1_bias":[-5.5392721275361,-4.56041677728989,4.30137115156529,0.00525585733279677,6.88365258681827,-3.23126872883967,-0.11217002736392,1.91248025007956],"2":1,"2_0":[0.039574042384624,0.913999804779088,0.320597099548444,0.669497539975589,-0.17873516435969,-0.50301009741904,0.371945724672986,-0.76414702219023],"2_bias":[5.55566212733588],"input_amount":8,"layer_amount":3}