{"0":8,"0_0":[-0.50676220206529,-0.85669220441352,-0.64054116439655,0.796625966106113,-0.3039580917406,0.602884832175653,-0.69139199512989,-0.22926481475877],"0_1":[-0.99913220700527,-0.87245840152467,-0.80034412058971,0.875915693512739,-0.04063201802244,-0.72448522440921,-0.26747072235852,0.772911973165111],"0_2":[-0.4511803563869,0.106600120533757,-0.56140838211953,-0.01087139143396,-0.04946466257372,-0.05457501094185,0.748789759079892,0.433217386719205],"0_3":[0.790353351960071,-0.37262392442763,0.0545979371992467,0.361125430291555,0.417399172553625,-0.33464816929981,0.0808976026131194,0.804612025719417],"0_4":[0.812429860762838,0.138925596879112,0.23999347205185,0.0990017125219338,0.177005613273489,-0.78641764062708,-0.26535362143197,0.885041525353005],"0_5":[0.368162799078605,0.501252359291653,-0.83576337171162,-0.55499509421004,-0.63043770345737,0.8622555027451,-0.74022938655092,-0.27819032561183],"0_6":[0.647080667859935,-0.98613475529464,0.760057199842652,-0.70365577785785,0.88133650008096,0.297929481571258,-0.03181242218037,-0.3701916580281],"0_7":[0.305547328771279,-0.02454113375766,0.629062199758585,-0.9703574607553,-0.39932485130726,0.0368107029527973,-0.16253098117781,-0.31034630893296],"0_bias":[-2.88831710341906,4.62027125394203,-5.26741866432723,1.6692071573652,-1.36706637014784,-1.23653750079516,0.108755421750796,5.99904983486541],"1":8,"1_0":[0.0325077299261471,-0.54068243749679,-0.84195889712682,0.737141070538299,-0.31717772743043,0.28782936547645,-0.72477853098935,0.189167449160279],"1_1":[-0.54204500344564,0.638028465455985,0.534900209555354,0.635577122483487,0.284274589276002,-0.06093449079591,-0.17937047160245,-0.19008073336634],"1_2":[-0.51908171000094,0.470943482733564,-0.96154077082414,0.787777169844841,0.233618154533792,-0.69881889213132,0.771088750248776,0.909867354471199],"1_3":[0.879081408190914,-0.46608015876499,0.0427880001253325,0.669033937860714,0.730554694796824,-0.78645987742546,-0.17101088522079,-0.11866825213328],"1_4":[0.835613142960489,-0.38036747301692,0.333277618208779,-0.65840905527751,0.0269324124750874,-0.04077215502,0.148934018717067,-0.40385586955212],"1_5":[0.666839967086102,-0.15155704436568,0.788601433106576,0.492599355478182,0.979989390809809,0.294758407650138,-0.32184368495002,0.0900894929085199],"1_6":[0.0866113507051209,-0.02712408441277,-0.03540933923676,-0.30334416568236,0.565970346098747,0.560149193598021,-0.57111429081533,0.797900750540762],"1_7":[-0.55347406302576,0.442615723348521,-0.1777157110485,-0.04074946508888,-0.05860780773041,-0.93322997699532,-0.87862271163052,-0.05093680249118],"1_bias":[5.6547569270261,4.72959951747297,-4.61181978483656,2.73759174889566,-4.76253284155729,-5.17480594915757,4.90522460586046,-5.16645644413766],"2":1,"2_0":[0.802865921015838,0.431319859295157,-0.48780128009686,0.756246702544888,0.045355983470529,0.928759912186364,0.506629378480336,0.784019538261927],"2_bias":[4.63465406712475],"input_amount":8,"layer_amount":3}