{"0":8,"0_0":[-0.3578903655318,0.763624939550928,0.578420096962948,0.508725990810637,-0.38463805229048,-0.72848599615028,-0.46550928925986,0.469031565601552],"0_1":[-0.96259104545182,0.0175594127126013,0.564807536695012,0.927429994574106,0.0164089854407554,-0.54950065850837,0.0899435572542369,-0.93899906575822],"0_2":[0.552564157848922,0.547296366349534,0.380560622009677,-0.84951554001794,-0.45548186764554,-0.17933476374241,0.296577199697384,0.981770213053426],"0_3":[0.976722426708836,0.306917267419577,-0.93175224957838,0.298186418168433,-0.83937649010231,0.0472090838529002,0.848268395037113,-0.39124061449699],"0_4":[0.624161090792479,0.561944596610214,0.138368058466891,0.540188890533303,0.391920212360857,0.909787924260014,-0.68821330044784,-0.60666239050319],"0_5":[-0.58480344389963,0.00944090301106693,-0.94859013972499,-0.65642366694696,-0.40552497919127,0.904751111301516,0.470930698618647,-0.48604827602035],"0_6":[-0.64157097372988,-0.33785252413008,0.595185235011309,-0.81674541849624,-0.89022944992588,-0.15963973109566,-0.18475274996904,-0.33959263970037],"0_7":[0.58478650018138,-0.59712996544468,-0.86382961993305,0.129822825399976,-0.56737208478715,-0.79545031307158,0.631852621722032,0.970805593024268],"0_bias":[-6.0165213836612,7.05449151682577,-5.03648991772923,-7.632875586579,5.973353196891,-7.39387731029388,6.72701664978158,-7.41492567237171],"1":8,"1_0":[0.879434511094198,0.819210056597834,-0.68397479736286,0.180748217761305,0.0670613689500741,-0.47773027236384,-0.50887448403098,-0.24625167432832],"1_1":[-0.85263326059735,0.396070856955863,-0.59543751801055,-0.03440069559092,-0.87312949984061,-0.63541775440917,0.559920926072799,0.115867519165578],"1_2":[-0.07269265164494,-0.55998331084902,0.300859483274081,-0.2430481737352,-0.1258715769124,0.980776867414477,0.706821841373853,0.537863018639435],"1_3":[-0.12513522737896,0.291260599819625,-0.2767637647268,0.135874151529718,0.264085286446253,-0.6975301813875,0.23444116204819,-0.94098647373863],"1_4":[-0.61743267631621,0.760942944268588,0.901680066137798,-0.20944324181513,-0.48969132569395,-0.3049128703983,-0.11907115936062,0.215996080403113],"1_5":[0.886889840268592,-0.09938077605669,0.881374096249942,0.221593624839794,0.836822037686974,-0.45581540180781,0.856540514413076,0.509534796351629],"1_6":[-0.3583600963379,0.739897518695536,0.748912844713925,-0.8099680727018,0.125046441681821,-0.53180009851657,0.652809997187146,0.748754895427622],"1_7":[0.261128530722249,0.0485900420412877,0.433299764150652,-0.96599135686942,-0.75516985766881,-0.93872385108239,-0.36858994628203,0.779361759571933],"1_bias":[-6.18278940294463,2.14695989475617,2.89629782182196,0.0734090188199712,-7.89673564303714,-3.54232022970046,1.62432336133558,-0.53076946029291],"2":1,"2_0":[-0.9000590221901,-0.90799168650445,0.866742504320595,0.489392475683496,-0.46749840771126,-0.17358698001191,0.562602823205254,-0.40680645002346],"2_bias":[2.85226479110202],"input_amount":8,"layer_amount":3}