{"0":8,"0_0":[0.0584116191887236,-0.50113690687223,0.580440426327378,-0.61920746443146,0.479152671924844,-0.46151231204592,-0.28091194256087,-0.49110286029956],"0_1":[-0.53798125287171,-0.62589537756458,-0.97854918397842,0.517571438316846,0.241440203369883,0.448874618433217,-0.04508462419067,0.148450941046813],"0_2":[-0.80820519243504,0.0661382091676324,-0.08708131246187,-0.82306507138572,0.448030619244158,0.059284241591786,-0.8873283833466,-0.54059217100574],"0_3":[0.540704738007403,0.213594989945446,-0.85450265913365,-0.15762479729439,-0.25006499000136,-0.49960449291242,-0.25097653269286,0.96142801168379],"0_4":[-0.03726947776748,-0.31442231188016,0.783058041404649,0.515085765693655,0.906837922117808,-0.24511010073464,-0.23207679695974,-0.26638892861261],"0_5":[-0.62829447752627,-0.8787279137983,-0.67070551635923,0.886574287723815,0.262119628296323,-0.56349528967187,-0.77463588309319,0.565690090125192],"0_6":[-0.41180665654161,-0.1536034294505,-0.51151892107506,0.227602666274724,0.412804796395193,-0.0441895836433,-0.18708855783463,-0.76017133479867],"0_7":[0.248697917075147,-0.21031854870218,0.72080727336889,-0.65532607311198,-0.7386146885501,-0.77173765179589,0.405595490220748,0.714843691356556],"0_bias":[-3.95137095141064,-2.24630205870946,-7.92184472126727,-7.99744524415901,-6.76735937193465,-0.32806293830712,3.4846797227211,2.50312309499874],"1":8,"1_0":[-0.26191117953667,0.227184434093302,-0.758907037154,-0.54225656497087,0.477147250033712,0.54606553491478,-0.38440722926156,0.223826615266981],"1_1":[-0.35837197873854,-0.88236412230271,-0.70701491724905,-0.31758188342506,0.260271852447782,0.384219195958995,-0.77897766365425,0.45428664910598],"1_2":[-0.68850670325775,0.755467529578702,0.778507982614726,-0.52092069509617,-0.58049589939872,-0.73965332311437,0.435050881205202,0.445200366714226],"1_3":[-0.05372924901681,-0.96606436268113,0.35179505023212,-0.3392691255266,-0.56743548626153,0.310360432210635,0.708596810060815,0.166783070399936],"1_4":[0.636953003752562,0.685634424888218,-0.39108631322278,-0.53592820907219,-0.241619438094,0.714555437309022,0.36403823205643,0.368653636404868],"1_5":[-0.52840122645533,0.742586990896107,0.457934649494297,0.619372837920045,0.308805260313965,-0.24773496588874,0.682057341389421,0.402707217216467],"1_6":[-0.96861505387131,-0.00462406628228,0.376531676861098,-0.42277805297987,0.245620894926705,0.092422325559111,0.892486116873353,-0.62252932031963],"1_7":[0.444607899306848,-0.86087488859421,-0.34825986812533,0.744442437791754,0.524602229659039,0.693573192886369,-0.27488330752835,-0.7047912290354],"1_bias":[5.95268049364651,4.59018408435809,-7.80198517190577,5.68081293214284,-7.28422804184432,-7.97089778714582,-7.69597167637157,-7.47700251665739],"2":1,"2_0":[0.458000061425029,-0.95915619356614,-0.85723191811243,0.576103229487569,0.178773932297729,-0.56240991455224,-0.18547162968915,-0.48338037923843],"2_bias":[-1.61639528251948],"input_amount":8,"layer_amount":3}