{"0":8,"0_0":[0.818991226571041,0.245667256828424,-0.40623920065977,-0.13301576165966,0.306959169773172,-0.793259481384,0.719386680236549,-0.5468501502528],"0_1":[0.00629262533398811,0.74805471187829,0.157101517277533,0.389077957011778,0.450516131336237,-0.98629225722316,0.620967778128354,-0.74908973669471],"0_2":[0.442847801851266,-0.56346809679885,-0.40940456768039,0.0581844246354235,0.0436384174045759,-0.07495465676555,0.137749691724594,0.0623409368302956],"0_3":[0.295907255204602,-0.55565390680957,0.981015512251618,0.789455913732564,-0.75162660088392,-0.05895145636881,0.125283732827348,0.720940174647712],"0_4":[-0.44780839745904,0.766305874586825,-0.76387926302886,0.721036534522146,-0.66666689203018,-0.70435623039879,0.861653559889189,0.775488338871858],"0_5":[0.358564507731176,-0.11128859149963,-0.40446989930429,-0.43755717126706,-0.74650621879478,-0.80666781426078,-0.61826119876119,-0.14581176707639],"0_6":[0.101668487147298,0.856517975198326,0.762438975113505,0.0347350075100081,0.758966779021337,-0.58842657283708,0.294537553756147,-0.34444842018672],"0_7":[-0.82863882255022,-0.09506866531975,0.839042623907247,-0.29408520492602,0.256762388994544,-0.64221323863492,0.945126542590084,-0.72975986838828],"0_bias":[-2.95538891277823,-0.37579938100312,-0.20678817704168,7.64767079666845,-5.45374351402953,-3.07495639677022,5.44761322871766,6.42654587348987],"1":8,"1_0":[0.822670689627664,-0.93601637366956,-0.81303603721635,-0.23367778918941,0.729922581246599,0.745594850667641,-0.83884097022038,0.0470299397491318],"1_1":[0.919013951311184,0.026644112372713,0.211123874256557,0.278883649065953,-0.20750468860168,0.616741426315246,-0.12482023656074,-0.94320464753793],"1_2":[0.877874248063186,0.435082622126258,-0.76377351728313,-0.42704294445726,-0.49373075616289,0.906590949018506,-0.06605520816859,0.826230042184952],"1_3":[-0.80388402286211,0.779624852609429,0.577905296076818,0.35183020384606,-0.20987465614876,-0.63444124397164,-0.4906991139183,0.627204215410966],"1_4":[0.162866654815431,-0.81342402184161,-0.34426660528687,0.131515883308402,-0.36165463913597,0.559694348159081,-0.30845623626435,-0.51718377587258],"1_5":[0.217036210035941,-0.82458934635529,0.44854286453393,0.557954584922573,0.825320937733859,-0.0012015647011,0.831381182242102,-0.81565894577694],"1_6":[-0.01745407746471,-0.06056279863225,-0.0223962564639,0.455901902791467,0.186141718156667,0.644920648698345,-0.62350306391287,0.535471192774643],"1_7":[0.294784729322833,0.198744482204138,-0.12431965036183,-0.26537269498322,-0.27632044135664,-0.5009244282089,0.0781125425093654,0.803742360625507],"1_bias":[-5.99090752334849,4.85607307476414,-1.63488643712495,-0.44847577023095,-3.45017062405213,1.24544318015814,5.03417456169003,-0.25185879597919],"2":1,"2_0":[-0.01074918358229,0.343295468090264,-0.67379543693137,-0.14201482245068,-0.38049105076317,0.0899187454555259,0.819801604920556,0.590470624686269],"2_bias":[-2.96178076718917],"input_amount":8,"layer_amount":3}