{"0":8,"0_0":[0.175516446389165,-0.09883000641219,-0.36765545210536,-0.25037497295077,0.530669291698925,0.293471740540732,0.29730510223985,-0.14447448610037],"0_1":[0.800818215616826,-0.12839144018215,0.678363494951107,0.79567309372114,0.548020584369487,-0.30942292838948,-0.27867454189955,-0.83363939493783],"0_2":[0.458792480506808,0.716719548949149,-0.13270977938557,-0.68625971137195,0.467400590484001,0.148215412559733,0.53237322900097,-0.43919034939459],"0_3":[0.791108413840889,0.193483107539011,0.143844403198452,0.0710512289309404,-0.24915841944733,-0.50410388965802,-0.4395943433384,0.890615795932348],"0_4":[-0.31901737033167,-0.30047425101444,0.138236100575706,-0.36938158595748,0.720420668600161,-0.585769665029,0.165829711248118,0.622229554618003],"0_5":[0.518312426676663,-0.82535699475457,0.725789120580378,-0.5374997384512,-0.13526064152706,0.751902169418969,-0.41744843949858,0.969535269597304],"0_6":[0.731696288124317,-0.52570469065464,-0.20361533310594,0.521315081022327,-0.53955489262756,0.0164750824767836,-0.88077117543631,0.877291754984262],"0_7":[0.436617626384112,0.882368013967187,-0.58348086024424,0.398230087346317,0.518061567072057,0.196001122263787,-0.72826733456823,0.17357429576315],"0_bias":[3.24478759962324,1.87200500193348,-1.15168233114835,6.37298083843539,-1.02206914629107,-5.51824066630835,-4.37000365702,-0.21635212187192],"1":8,"1_0":[0.909307046255782,-0.8283100454555,0.380960530468524,-0.84464276131941,-0.67273499898281,0.610494779124302,0.892918098193043,0.624169658948111],"1_1":[0.235574111314565,-0.1921464162315,0.480108732000868,-0.49153052117717,0.763023844594927,-0.43818095698664,-0.1113565107026,-0.58546220545359],"1_2":[-0.63988915133482,-0.17739846795729,0.991695748209759,0.0032114946394286,0.0674927525494391,0.981495421805104,-0.98343959172457,-0.85777621179333],"1_3":[-0.9026252739051,0.777956780998686,0.670336844461397,0.405350836160798,0.878983553667229,0.00476088629924298,-0.95848057787599,0.172925918138615],"1_4":[0.930538343179805,0.112049134291225,0.196258246870193,-0.00475799587828,-0.33650930821364,-0.63285532574599,-0.78637077145721,-0.10463306747465],"1_5":[0.836846204665874,0.924516452446395,0.665800611555273,0.162441809681229,0.9334642871649,-0.24104318379716,0.16427105376955,-0.83504625217224],"1_6":[-0.77773304446917,0.767741363237171,0.359369935073933,-0.70785606400768,-0.86398800917355,0.948170786887481,0.225583945612776,0.807681090825158],"1_7":[0.47094465569068,-0.91473670169039,-0.30289246526493,0.361311573524603,-0.93185603075089,-0.20906390091051,0.378031049816216,-0.45509549498133],"1_bias":[-0.84556852748391,2.20354033225246,5.17015489463668,7.72831188022453,0.459367270476427,0.0281196201404796,7.1136085027879,-4.77593060200895],"2":1,"2_0":[-0.53312755928151,0.0374753993786523,0.851855087438169,0.895693440444867,-0.12963275201039,0.367405396261602,0.676559585172182,0.436615224079264],"2_bias":[-0.28318721862091],"input_amount":8,"layer_amount":3}