{"0":8,"0_0":[0.943836478888471,0.808561416171505,0.553558977566317,-0.38492158225665,-0.49452520319196,-0.45890484605842,-0.4253923860995,0.0937083324824954],"0_1":[0.0538201272046308,0.395646227675765,0.736003607330724,0.50160118448104,-0.2541535011117,0.696975395671562,-0.87909665906614,0.453479619294448],"0_2":[-0.67933429177399,-0.51533393847718,0.0272055537838372,-0.87681677345477,-0.19158737396019,0.373126843796872,0.662403869719611,0.492220333603985],"0_3":[-0.897608463851,-0.98429790157165,0.961773626538102,-0.05249349406293,-0.18237653155449,0.492734879028048,-0.11250779547768,-0.88922324666165],"0_4":[0.901951834541124,0.559510487220831,0.420280358252517,-0.97491838829384,-0.81411994098065,-0.13799718810067,0.67360027618946,0.0291964061136081],"0_5":[-0.05904050842639,0.122783110501038,0.0567229461211465,0.121636713374397,-0.54149922029521,-0.35944296425572,0.84588119435396,-0.54575630814346],"0_6":[-0.9331452911139,0.901113156088692,-0.42753888602427,0.119773064032098,0.950900070353518,0.775674691995755,-0.92696649382379,0.968398918625131],"0_7":[0.845252370413808,0.760866009364115,-0.1810499749899,-0.60858060350573,0.213204440366166,-0.77006344089816,0.26206980677778,0.508686560198156],"0_bias":[-7.67293576767317,-5.38409138573012,4.56600972934091,-3.57485454111499,6.76400178258852,1.22415694090691,3.02883344952461,-7.44045768504353],"1":8,"1_0":[-0.49370396510042,-0.6038746907796,-0.02764820467602,0.871358945274073,-0.00650900141002,0.773416747883468,-0.6775579983248,0.74603601420907],"1_1":[0.728364769653248,0.0884468540524335,-0.7652022857236,-0.79398450617024,0.965064730738712,0.958567613653393,0.254954780072387,0.136175131244341],"1_2":[0.903529478456645,-0.59973472525974,-0.55823160263816,-0.61852128930352,-0.64011827636334,0.28105595371007,0.67244697015841,-0.86509599702796],"1_3":[-0.56381756602822,-0.47429557412254,0.675932741638607,-0.66388488220159,-0.93747801108225,0.35615237292185,-0.90597725045197,-0.06755979733989],"1_4":[0.984688144324995,-0.3619223971756,-0.63879078404702,-0.99560258547004,-0.00060855975436,0.747025086420303,-0.59167179311551,0.455212949047908],"1_5":[-0.71484730918978,-0.63310474642662,0.403171988442737,-0.67758565460311,0.809322725587403,0.585514366334192,-0.48068151031195,-0.87971230993698],"1_6":[-0.69143961412433,0.527721373916985,0.510393719744247,0.155967640101153,-0.06419800305564,0.119757203885359,0.0142987755396355,0.524201483724358],"1_7":[0.402223929835162,-0.29335728250905,0.60536863745404,0.417199842644759,-0.35961579021145,0.43294438562926,-0.76096911763783,-0.92899580903775],"1_bias":[-1.62999519574241,6.85244021237386,4.81484515219208,2.01714512458578,-7.83187595247843,5.98147029662909,-3.79979131821159,4.14417827835789],"2":1,"2_0":[-0.61176500142389,0.818860727663537,-0.00914754917553,0.819127054614493,0.436836511530206,0.595403783709434,0.962230953686413,-0.01150503619206],"2_bias":[-0.99337419208931],"input_amount":8,"layer_amount":3}