{"0":8,"0_0":[-0.20128273443498,0.722626259069656,0.25958554470833,0.429255816279722,0.465088099755213,0.807149569822927,0.572788684070001,0.805150031406874],"0_1":[0.274525823900903,0.558109154667375,-0.13715655094447,-0.78594924744911,-0.39984470588774,-0.45652573782158,0.204968381258214,0.66163818551207],"0_2":[-0.81218599640119,0.624245559018055,-0.42061567016983,0.972950310794109,0.98878887616028,0.273490414011012,0.862951959599351,0.523225921090541],"0_3":[0.284968133357408,0.880814042646108,0.678223102531191,0.887249168808264,-0.47614740811627,0.84763602878689,-0.76897325518086,-0.87630755699251],"0_4":[0.949876036693229,0.601343391915297,0.401327189134296,0.737178307628361,-0.07618163919691,-0.17191887278999,0.558274300588618,-0.71972609963431],"0_5":[-0.01805778888029,0.218881682690835,0.656009058360218,-0.92564986985561,-0.54877427960431,-0.26022929028532,0.495397713596152,0.892429619291708],"0_6":[0.593247737272276,0.00121330299425626,0.654767197703545,0.528769254377507,-0.16455237435233,-0.84930834878948,0.356689265276699,-0.47024278058155],"0_7":[-0.55126139316433,-0.16286498412239,-0.97175242347728,-0.3455326014224,-0.76731069151313,0.958296010810464,0.752182649213093,0.862085279418928],"0_bias":[1.06409397606716,-2.77086198042323,-0.57923007024673,-0.76729767964652,-0.99471543967337,3.48279696894403,3.62185108839555,7.12852114390909],"1":8,"1_0":[-0.13050130083419,0.840574537427027,0.651372382836336,-0.96565394941757,0.935321851549015,0.738837778282854,0.98170479728823,0.649439024246661],"1_1":[0.691367775022818,-0.12520384733426,0.564373592599275,0.537355528503053,0.781390285239755,0.220608051631519,-0.00753488781508,-0.00746025742534],"1_2":[-0.01303565643369,-0.29823231299234,0.773621551169254,-0.74240577164313,-0.59397399469876,0.134722438064915,0.812281755967739,-0.22175101524825],"1_3":[-0.07609479553209,0.978463471114468,-0.42719566995539,0.0358320859044112,-0.598336074,-0.6181596699116,0.131643742915614,0.462039649100294],"1_4":[-0.3514184762002,-0.51807833990563,0.633192594463626,-0.69245093955572,0.700513945381122,0.573084223333472,0.769501821230189,-0.59713614371767],"1_5":[-0.17256484439526,0.74900102782295,0.209881861114565,-0.1950025634635,-0.77013420033386,0.726752659144364,0.938494128231745,0.578008461674585],"1_6":[0.375510535606941,-0.94567324484754,0.376484427896506,0.384924250777889,-0.60701621870232,-0.65721849401741,-0.43725662924293,-0.65309466556991],"1_7":[0.747345375481109,-0.86668569836896,0.539327723425239,-0.14448432549169,-0.7135581022294,-0.46261650480406,-0.14828233442801,-0.37724535876855],"1_bias":[-6.27139611515569,-7.61023526639272,1.41296385101834,0.0632232279321094,4.90647962769646,-4.33415409091576,2.79522004059398,3.15389145124458],"2":1,"2_0":[0.825339472202512,-0.73452143985695,-0.60978241554987,-0.64628406921652,0.138107709866391,0.605202167202957,-0.8818325022886,-0.62013912865177],"2_bias":[5.72544307435596],"input_amount":8,"layer_amount":3}