{"0":8,"0_0":[-0.77060843825488,0.38368945866499,-0.71057911043097,-0.74602707513759,-0.59859390456358,-0.9379192152839,0.354325252844569,-0.27620364991895],"0_1":[-0.13899197351714,-0.71453540884134,0.449430858289656,-0.15759902935276,-0.20572829770097,0.368378579349014,-0.48677252757894,0.235523991554631],"0_2":[-0.52609483665435,-0.28333356853637,0.989807990298216,-0.13830045579182,-0.6666427306096,-0.76233973215674,0.783319857990988,0.860564108873573],"0_3":[0.701361580680328,-0.65990462279317,-0.31827593488573,-0.60704409794771,-0.45278227247417,0.764592100258,0.31916839832098,0.498158396819554],"0_4":[0.606420773803832,0.766514535251651,-0.37302656181168,0.391616948669016,0.942584184228476,0.940249111346016,0.805166795428226,0.957936967025345],"0_5":[0.658894410726097,-0.60687668399444,-0.84718596174417,-0.79799373839928,-0.07598185655958,0.0234750390273331,0.175052756326638,-0.85766139228919],"0_6":[-0.06238938911748,0.158211900317164,0.21670534834073,-0.01776241081782,0.541813154494717,0.136240729481497,-0.14114448561735,0.553518198029652],"0_7":[-0.54904155161434,-0.84789312966385,-0.7373696958885,0.162529517908634,0.0330710711424966,-0.23050498704464,-0.84901565272827,-0.85382752322702],"0_bias":[5.74278010570625,1.3874448364769,6.09822826133837,-4.64648784699392,3.50439522041269,0.697505054933727,1.28371922819332,-2.84045605196329],"1":8,"1_0":[-0.61943222764203,0.674292031000891,0.0103487069172401,-0.78007263753657,-0.61665535582952,0.702043046101398,0.437204315074047,0.586256773128481],"1_1":[-0.80203938896809,-0.20347939199246,0.671256812219651,0.0523073387721245,-0.95102629801573,0.319167163232983,-0.79663180002794,-0.72788852386096],"1_2":[0.80034329788178,0.884373409779209,0.919183591249794,0.686485527693144,0.853650918338688,-0.60910370646363,-0.66561941574946,-0.94965303182191],"1_3":[-0.44044423630212,0.0714632727455871,-0.56927342827265,0.795418142611292,0.267324072683161,-0.05432862793292,0.36666169894898,-0.37995103869211],"1_4":[-0.56064956526362,0.229380087155783,-0.61491516402024,0.978222705486665,-0.45666487925888,-0.87199527727636,0.646760650143255,0.0797777001189595],"1_5":[0.808681508074445,-0.39228283663853,0.777194340547276,-0.84220997486407,0.0952481569056882,-0.53903889109363,-0.13701862785709,-0.25697389474903],"1_6":[0.691907385236443,0.325536549943736,-0.62994159029076,-0.78097343356665,0.772831678440648,0.986753214252962,0.693838917939556,-0.51594323997994],"1_7":[0.175001539060073,-0.71726506829437,-0.66446054811762,0.972677606470429,0.135173500609573,-0.20552261264657,0.0841954908315867,-0.86137572489668],"1_bias":[-3.53090796308154,1.55229829088854,5.48192231886328,7.95246247093554,-3.45610156007775,1.74068710699715,-6.79943065052823,3.75409829635722],"2":1,"2_0":[0.936318467263104,0.563990437562285,0.648995350724926,0.441049929650857,0.956073079970957,0.412570584504503,-0.54100667412726,0.837250656479773],"2_bias":[1.64851214883651],"input_amount":8,"layer_amount":3}