{"0":8,"0_0":[0.843514874032135,-0.47141666543458,-0.08548268976372,-0.34690233061655,0.325124346570684,-0.86952163279517,0.399539165995878,0.287945178256469],"0_1":[-0.13969083654308,-0.16255262535185,0.85289656303047,0.372507334280835,0.148910414373795,0.803799960336986,0.027189940289847,-0.23319467694248],"0_2":[0.896563039489297,-0.92857918412325,-0.00797466771233,0.932867770351036,0.113335078527906,0.287960520015141,0.660780734546898,0.183370021959594],"0_3":[0.682435973220245,-0.51944827855069,0.366909630571898,0.678144819083394,0.373485428273872,0.728194439818411,0.736544097397461,0.588569111588998],"0_4":[0.0468996251742455,-0.15906900072433,0.227926956046921,-0.35524966194278,0.26740746376761,-0.66302925808703,0.514251767963734,0.156138122387759],"0_5":[-0.40587137368852,-0.00195046386356,0.418978413375007,0.935961266268623,-0.71828171411559,0.89605760071903,-0.12749511164406,-0.04471543454661],"0_6":[-0.1170904101786,-0.41706080302731,-0.16499119197627,-0.13186867401658,-0.01817246447521,0.772197801702769,0.332836448058659,0.59267612736353],"0_7":[-0.21557340826311,-0.37458517334479,-0.75713840234028,-0.60949126280743,-0.86213745318926,-0.95721279770899,-0.33773459616997,-0.6413892490698],"0_bias":[7.41370670242762,7.52134027839616,-4.64162696087825,-5.68798979546112,4.84431779190056,6.53874816386782,-3.86194051997562,3.86866333321701],"1":8,"1_0":[-0.64909141068452,0.118379178493249,-0.3142925608206,0.528683871698259,0.605256187245717,0.831513326811592,0.883738607006892,0.037554670362252],"1_1":[-0.191434338772,0.850209637911004,-0.12604410148562,-0.99216597694142,0.5659259006055,-0.90108892416894,-0.59640840438344,0.309673212425024],"1_2":[-0.14263045705247,-0.81655641752411,-0.35788432672447,0.186271139779263,-0.16555144284077,-0.07991578315745,-0.74353388594443,0.209141351554016],"1_3":[0.708646535035535,0.00148558041757751,0.367720696046136,-0.35529782061748,-0.44817036560726,-0.77801225889493,0.254459758182882,0.397697188108001],"1_4":[0.925574904799021,0.527283181889114,-0.46607818519592,-0.33786416706921,0.721953282844662,-0.65151435867421,-0.95085812319257,0.826271822990143],"1_5":[0.441047390114272,-0.74306220222118,0.958527047113844,0.394936201855179,-0.85184899111711,-0.4029765612597,0.859943429708198,-0.20743335409518],"1_6":[0.490841010674911,-0.86870693185822,0.164163107442216,0.903361225641548,-0.39729037964263,0.959371141739341,-0.42325375952652,0.450351893330174],"1_7":[0.120494548507685,-0.27036948236885,0.46502543215918,0.941682125265686,0.0400010451403841,0.25950833340052,-0.41010114070502,0.406537816046179],"1_bias":[-1.15119092978322,1.51891334953623,-6.80668469464787,6.90293945615028,-5.62439250414254,-6.33785366434882,-0.29950515787428,3.49817597683617],"2":1,"2_0":[-0.23810456317847,-0.07851803607468,-0.05653660221674,0.52763509475497,0.474960854566831,0.0939287178219514,0.429902452643544,-0.71254341002678],"2_bias":[0.929761292148619],"input_amount":8,"layer_amount":3}