{"0":8,"0_0":[0.684727041851502,-0.90153326710801,-0.55932394774776,-0.53555472707209,0.156112493369764,-0.60306504758075,-0.44981193907023,0.510485337617157],"0_1":[0.123313777382644,0.073247723858372,-0.46702569961373,-0.25007654376524,0.106406619427458,-0.22196148576692,-0.90162412524494,-0.76060290442477],"0_2":[-0.79068281416651,0.509590961424828,0.0578965167248797,-0.95424961752764,0.523561544419588,0.235965537422598,-0.3020275868209,-0.23544893959807],"0_3":[-0.50941201678501,0.552185534636913,0.0200843569015694,0.496098400984903,0.466542387629318,0.466117853703816,-0.48049191629297,-0.14194840906432],"0_4":[0.350727740849871,-0.00238329176368,-0.88712660492587,-0.3092919832598,-0.92285647083349,-0.23123493936752,0.789492100911253,-0.30942808665633],"0_5":[-0.22884150171812,0.274004732174585,0.511064853519836,-0.67303307668928,0.528830919366381,-0.60862526502615,0.778864715047899,-0.59904563059064],"0_6":[-0.42316923014468,-0.0172253960279,-0.3997928968714,0.49839842920676,-0.73692822266908,0.453126895214068,-0.57328195017004,-0.24258406240154],"0_7":[0.972194965131051,-0.24083862532714,0.973452332042966,0.812918957129381,0.0141719747305129,0.36923678651569,0.610161474553134,-0.17096659177971],"0_bias":[-4.31221081057936,-5.75327821541386,-4.23655846578371,1.52983998821249,6.65391485517635,3.06829334205054,6.89446029097618,7.18971400232463],"1":8,"1_0":[0.0833494454017927,-0.45806029908257,0.389062546115283,0.286542485296186,-0.52281160376407,-0.07968811585603,0.91186002628771,-0.39134239665818],"1_1":[0.810353491662479,0.280919080828807,0.171858050794724,-0.23240617298163,0.366107454758676,0.937933759734141,-0.63420793634871,-0.34304719986708],"1_2":[0.809940190594078,-0.16183206164651,-0.1840739367765,0.793781837080647,0.125842272654295,0.654331927170866,0.284367757798542,-0.89122852443474],"1_3":[0.43414113034365,-0.82730746950179,-0.85994456656139,0.031196946114733,0.378902329610216,0.139175143812365,0.833952630833153,0.329196090302431],"1_4":[-0.60317289905816,0.173240456683059,0.0507026002092159,0.792979677841254,0.953480011698762,-0.76342888603147,0.774039557036335,-0.05216926714884],"1_5":[-0.5334140502458,0.80109464924352,-0.6395234280557,0.948758902225412,-0.27034965652291,0.91634224723384,-0.47347420109124,-0.90939354105261],"1_6":[-0.77378279653095,-0.6816558748346,-0.01089567199826,0.476046047920635,0.110597226948312,0.471843773220691,-0.8669141015436,0.570989549438684],"1_7":[0.145815250424109,0.587686489972914,-0.81976939343262,-0.858034612896,-0.58915816638766,-0.19858742432789,0.419353045610382,-0.71883623786039],"1_bias":[-0.41852028424997,2.23890091533266,5.33963609652471,-6.71182790413224,-7.65654484320177,-0.64548817147281,-3.35982406593131,1.19403554886602],"2":1,"2_0":[0.372689919227739,0.910543966881814,-0.78839583748824,-0.23719741383129,-0.85539852209074,0.482507102156361,0.189512891295735,0.481358967709765],"2_bias":[2.26949106798015],"input_amount":8,"layer_amount":3}