{"0":8,"0_0":[0.771147096901479,0.534623730085917,0.593287212565597,-0.58560139998847,-0.69132100818235,0.201035551050877,-0.54237986746978,0.89671822469357],"0_1":[0.167310129549722,0.156792855491349,0.709088803508884,0.839762384233644,0.626161636806839,0.446316675201169,-0.72719873476051,-0.90687423145186],"0_2":[-0.72804286074782,0.0166174045165943,-0.03506887409504,-0.64603763710722,-0.97969328009397,0.868803253525397,-0.75645506723199,0.619341724444168],"0_3":[0.776178430452118,-0.27416414363336,0.0731196673589189,-0.99386319897279,-0.79888347617692,0.041988009484264,-0.6308877499071,-0.05392834095172],"0_4":[0.7067179210657,0.767342022631555,0.422331393960145,0.710765083092224,0.818519052485212,0.935730382004011,0.544832075011355,0.853153639128315],"0_5":[-0.481272015528,0.701822503972248,0.886986216503402,0.561497121906605,-0.86748003662513,0.745865720116798,-0.62162300578465,-0.11645759115445],"0_6":[-0.32606864965282,-0.2310780352944,0.17544633460964,-0.36255016473023,0.297521990777382,0.258422164067352,0.544940002410217,-0.52076645380536],"0_7":[0.355165046403014,0.203676999293975,-0.66810816704155,0.680985251330901,0.419155391235999,0.410587461966915,-0.47336903930803,-0.56615846485729],"0_bias":[-2.31778798716361,-5.68022784511297,1.53072469854831,0.730510299781361,2.25257856503892,-3.76152581595486,-4.01710385309532,2.38274328259002],"1":8,"1_0":[-0.98087361790317,0.265192942775333,0.177662278494455,-0.16583746204489,0.937799375910169,0.439927214015058,-0.40421766730915,0.938433051348352],"1_1":[-0.76946780527394,0.254574572187629,-0.10308850656974,0.46899995136282,-0.84104636930282,-0.71034716076197,-0.23638554119049,-0.5523251515709],"1_2":[0.3111449884312,-0.00983473259162,-0.89467705793774,0.998386378775283,0.197045178579364,-0.64441999043799,0.22976533221879,0.953427622252155],"1_3":[0.240344095503267,0.225302691269546,-0.2870259160542,-0.44718687853867,0.641270012195193,0.770092113715983,0.131269575379437,-0.10480984509352],"1_4":[0.174639154904067,0.987826134379497,0.493199691380107,-0.73584705550508,-0.98019166218831,0.526757507482143,0.817583199016787,-0.58709066927864],"1_5":[0.365172395253293,-0.58011790347962,-0.45153653525219,-0.93177569713536,0.577726070231941,0.0272817849300868,0.305914056592274,0.161044817656236],"1_6":[0.500771292776705,0.4941438072098,-0.73903087266527,-0.57131693534013,-0.73849963800497,0.195775746919148,0.127639142260469,0.651192607541593],"1_7":[-0.48703681395928,0.249144902723814,0.781169971342449,0.598384932127132,0.521471292107706,0.796536471463338,-0.66987040070776,-0.14946318190901],"1_bias":[7.21678044178584,5.36617007897001,-4.63530466209522,3.66499935089457,5.90041515606534,-3.23474457378017,-4.86555502796729,-5.03168161534436],"2":1,"2_0":[-0.94911470180718,0.330782282097646,0.877498706634362,-0.53894506021156,-0.39047380934929,-0.53703473765815,0.147897187871475,0.781084770112995],"2_bias":[-6.34460511048531],"input_amount":8,"layer_amount":3}