{"0":8,"0_0":[0.0163335168875391,0.125992735026608,-0.44705849319402,0.795338232390086,-0.44841865455421,-0.68416102044647,0.96450627886622,-0.00424246341668],"0_1":[0.692586681362327,0.618197966221744,0.414390024911065,-0.18253406391611,-0.07962058823999,0.906119117872861,0.877652845569308,0.961599228501426],"0_2":[0.239853436248167,-0.96826705103513,-0.97384961864225,-0.50897702239577,-0.58468677161518,-0.41304899998222,0.0743033142205938,0.999240579257491],"0_3":[-0.90054450903741,0.815445032378717,0.195132490354857,-0.90357759961274,-0.18679269564156,-0.53334139991038,-0.80355594954301,-0.32775038540459],"0_4":[-0.97458089419393,-0.00168733842456,-0.78139906042118,-0.77105681201881,0.258967877394316,0.777869725224002,-0.48509095152449,-0.11695852466437],"0_5":[0.0145895945293297,0.125665529820541,0.852414321943925,0.807563968250084,-0.79311195948039,0.333878900685267,-0.34684157921857,0.278091304504019],"0_6":[0.0634731962229469,-0.63396242273696,0.541640878542317,-0.66559370981521,-0.84157224700191,0.508296904942228,-0.41805932005243,0.87214524116472],"0_7":[0.699959380048498,-0.41979934182689,-0.97759377384118,-0.64747326733969,-0.67327890819403,-0.46429356914294,-0.69453576947927,-0.59336907670231],"0_bias":[-4.9418925538069,1.8063624484149,-6.36227373652785,3.28891908477676,-3.28105925319694,7.36738109499793,-7.53318578461838,7.20551750091158],"1":8,"1_0":[0.118341504711725,0.338920457524438,0.968022508983152,-0.77807797579415,0.0812270839126845,0.659603190772197,-0.02394088180028,0.814722604927053],"1_1":[-0.68709434265048,-0.1469857868947,0.364430683642316,0.0778931469267434,-0.85681341341788,0.904775353690044,-0.26488827315905,-0.72362410978737],"1_2":[-0.83658159083635,-0.93398886909055,-0.20715128381802,-0.01068005086074,0.905130897429013,0.438866544315648,0.48303174073772,0.841907236585792],"1_3":[0.0769642866228624,-0.85652570880945,0.529958400527185,0.48308154469134,0.399458334888527,0.685887672223287,-0.81075877697413,0.976840997958393],"1_4":[-0.42661536487275,0.379475838567629,0.481107164611189,0.0703731199848319,-0.97657392855955,0.522908229710218,0.389316000663918,0.0275063353093765],"1_5":[-0.63135767969084,0.369323432031467,0.224555092814287,0.412057321313182,-0.94640174414831,-0.13539377019662,0.808433457495354,-0.7406677638029],"1_6":[0.314371929190749,0.18851725506633,0.723625573848175,0.925685743420933,-0.88843196862065,0.806591650272822,0.438769459585016,-0.3782738871225],"1_7":[0.70716830990282,-0.21013685804271,0.490032589621437,-0.21348830360224,0.318867110095897,-0.36739216667724,-0.70841457635045,0.7947263564071],"1_bias":[-3.93531340695685,-5.47120246050694,-5.68357623993502,3.61595034956673,-4.21977160732947,-1.22221028520796,0.29227399992088,3.12610867086907],"2":1,"2_0":[0.645879703241721,0.796331228881678,0.0820497540524405,-0.45048598183921,-0.21350469340017,-0.28287228064312,-0.92563969621417,-0.39426924139789],"2_bias":[4.18627179359446],"input_amount":8,"layer_amount":3}