{"0":8,"0_0":[0.412991540021845,0.629006936287321,-0.81331324897389,0.276978826272445,-0.42306636632863,0.453452918997984,-0.09543472139089,-0.84788741577502],"0_1":[-0.30522364450808,0.412650350204524,-0.26995262460136,0.334638157451321,-0.67518468850436,-0.07860506996794,-0.47149572259648,0.736719485545599],"0_2":[-0.75986616222575,-0.98314074291879,0.36544286499874,-0.45949571929723,0.990283326156644,-0.64437118531464,-0.14852736659948,-0.59185500594942],"0_3":[0.42329278546604,-0.74514646902322,0.946043628223155,0.0366751283433686,0.965846325437085,0.597706589892431,-0.08488198081063,-0.26488799106523],"0_4":[0.813834864760873,-0.98467277030393,0.843776060824877,0.00198198940650762,0.782468988777117,0.38004565744958,0.368962901297043,0.873102884256704],"0_5":[0.636376553406078,0.0546139502212437,-0.23639762354726,0.829990908838295,-0.25845964104392,-0.17315938538068,0.820390887557085,0.742304818398404],"0_6":[-0.4065681753391,-0.90499765054124,-0.03357190833636,-0.00346404556294,-0.01865642059057,0.461478776086071,-0.2827186067709,0.859712162927121],"0_7":[-0.57337347330927,-0.48915214338698,0.608393155083324,-0.97183069927887,0.890813230067512,-0.32723978181155,0.391613003700153,0.125454021803144],"0_bias":[6.03437047235808,-4.8195157150934,-0.51594135142533,-3.57250120815068,-7.31829429062197,5.73053586791995,7.77111782513465,-6.99476060605406],"1":8,"1_0":[-0.01235179509232,-0.9666197744718,0.781825076648822,-0.41297405114602,-0.98166424594282,-0.8449161230884,-0.04974988287084,0.818693906321285],"1_1":[-0.78962317617559,-0.5773131971722,-0.32284421382739,0.235601881924361,-0.00238401400513,-0.50092271272562,0.518581218846357,0.160672175403141],"1_2":[-0.43376578749403,-0.01056214490625,0.389396298362133,0.579796615694564,0.836399605170665,0.445854168387236,-0.80078522035714,-0.89795127180555],"1_3":[-0.59580951875199,0.608728502237979,0.758823398062108,-0.3722922859041,0.258668054113111,-0.89693994128624,0.699178342155139,0.952276793164386],"1_4":[-0.7904633126715,0.469481374894781,0.842394631046755,-0.54764948460451,-0.62917602041194,0.970695216534148,0.962523948252737,-0.04866638797287],"1_5":[-0.02552598410254,-0.2935132801765,-0.21498902687648,0.969927630893055,0.570883042379787,0.866874782499765,0.358359422141558,0.782583333929064],"1_6":[0.373405108864324,0.596604227480665,0.398754638267187,0.938034661102736,-0.16167441360179,-0.0198144258362,0.909321232394698,-0.41542350180032],"1_7":[0.610260765824482,0.394954709907399,-0.30040927919377,-0.82474104733335,-0.08061443915883,-0.42656814602572,0.586987630405239,0.98660196117915],"1_bias":[-5.87919682433244,4.22433513104713,1.9653726450705,3.65273283971275,6.59461120585156,0.463748945058775,7.90537063576233,4.14410599603923],"2":1,"2_0":[0.0582630626077472,-0.69871924420746,-0.86232172817551,0.932851578817754,0.0721245950527336,0.7055346024373,0.817620541538583,-0.3932199417762],"2_bias":[2.95782996725207],"input_amount":8,"layer_amount":3}