{"0":8,"0_0":[0.621627362393515,0.690546335424573,-0.30472419608696,-0.2855831155515,0.520083168028577,0.649054783572036,-0.66246310995009,0.982995688160379],"0_1":[-0.06288798980954,0.0264416102474623,0.728638697122918,-0.26219786134004,-0.53792550729233,0.334520868337034,-0.86339743091215,-0.22980651374695],"0_2":[0.376124784406736,0.585044259437937,0.492876602195369,-0.66417661734998,0.590119873032372,-0.41986907412499,-0.85837798902351,0.951753738664302],"0_3":[-0.68431487546261,0.992164194435372,0.972040432538003,0.295754642140066,0.595969142141331,-0.70619565487293,-0.07429692017183,-0.03633387680951],"0_4":[0.888958024150356,-0.41877862576374,0.678036096745271,-0.39660350043025,0.905537906419726,-0.95261620138009,-0.66744396956851,-0.12791926132655],"0_5":[-0.33003241056193,-0.17388077376444,0.258893272160335,-0.04627913309363,-0.02138244457022,0.687421295538452,-0.79211628488937,0.0200359094550198],"0_6":[-0.11054992891394,0.651343081891204,0.273743088124759,-0.49300899286167,-0.70725637003196,0.978559956592902,-0.03655446436746,-0.05604431890017],"0_7":[0.685402944633165,-0.17938607350559,0.135139684836643,-0.98466872864572,-0.26263869168318,0.975236570915999,0.218898575429425,0.754446371070395],"0_bias":[3.87604471196573,-7.43650642839499,-3.12400525623487,4.63271760632625,-2.36389801930171,-5.28628222027808,-5.13186279388145,2.71750745903281],"1":8,"1_0":[0.0949730214199493,-0.6290559647145,-0.48514556797034,-0.75038665467971,-0.48682196712297,-0.29100815041731,0.128409970456982,-0.35242048135358],"1_1":[-0.68376978347769,0.201751365511196,0.508774239901804,-0.64487290403758,0.886189993023169,0.251262661171356,0.771371975977956,0.557082517052569],"1_2":[0.884043789169208,0.518677738093404,0.996480613523079,-0.74330615394821,0.22537175617724,-0.40254553790893,0.892811960242385,-0.69476025187506],"1_3":[-0.68709693725956,0.45608681169265,0.442329336250421,0.800521833051703,0.713017766907723,0.59021977010063,-0.75346733919217,0.242325786689647],"1_4":[0.995694506835849,0.458739445723576,0.466415453536243,-0.42308347539207,-0.80681162989186,0.841569935311259,-0.80479307595839,-0.42443387574506],"1_5":[0.306137478563984,-0.66076427875239,-0.85251433649311,0.786280369850478,0.73573667387216,0.298164435329519,0.709151005525951,0.377252883305687],"1_6":[0.408644190818534,-0.86225028906609,0.594197272012296,0.847345484359878,0.685555188187555,0.819836383983348,-0.86603192507496,0.211981809570084],"1_7":[-0.13100943587593,-0.03438791142827,-0.98899386360495,-0.52720224570896,-0.9254953775168,0.360293836205668,0.0362635998909668,-0.76856187588492],"1_bias":[-6.18397106203329,-4.00642751504395,2.79428343804368,-3.96656959473037,0.284888405230685,-6.77789216531614,7.15421658554584,2.79243757694382],"2":1,"2_0":[-0.32812503486177,-0.75729894492547,0.745147383015249,0.0689465852196844,-0.21083386818116,-0.60029728122071,0.698960517236457,-0.02458326236486],"2_bias":[-0.5090032351573],"input_amount":8,"layer_amount":3}