{"0":8,"0_0":[0.995069631451921,-0.32572262537659,-0.21601732666909,0.204232681228542,0.952052051669878,-0.09623981325575,0.898107241019564,-0.65219006973128],"0_1":[-0.20004937298904,-0.05202955578497,-0.02464687006188,0.227352548714868,0.931169617871354,-0.47581997150624,0.964797056556532,0.701043398734699],"0_2":[-0.88569618531443,-0.4371688300925,-0.24061892042507,0.42749386877068,-0.18583992550664,0.701513660933013,-0.60558700379456,-0.25525269866461],"0_3":[0.473073318117584,-0.74722226225167,0.141014450457054,-0.69326287277499,0.902364184460347,0.542512891603886,-0.54144269499292,0.892838623809797],"0_4":[-0.50717036360525,-0.93509122649869,-0.94855135962241,-0.63395841625934,-0.9254516513824,0.269312286085803,-0.7885450245138,-0.35849833443682],"0_5":[-0.63749143852045,-0.61323867918532,0.711882061160823,0.353015422893427,0.7989079641112,0.906340070182152,0.595095471616765,-0.0415920751973],"0_6":[-0.38561733618218,0.119443160601434,0.585557682028947,0.749995496893198,0.0722001916634101,-0.42681787138487,-0.65140162012359,-0.38546722989126],"0_7":[0.720455968681862,-0.87866413562494,0.848954664985957,-0.37007171079917,-0.01029864509792,0.0494030234081848,0.976638708136729,0.951000419383879],"0_bias":[7.12089384101913,-4.25123346419953,4.32888758794052,3.47672193955906,5.22686286134143,-6.98942830273723,-2.09863850200995,-6.04320941369185],"1":8,"1_0":[0.49164170377683,-0.05019904075512,0.118851385076002,0.50020672478399,-0.00736870378641,-0.42277948462511,0.86182736951469,-0.63312363524129],"1_1":[-0.14815340160414,0.242447481672193,0.246273611385083,0.761831753779428,0.750142357418622,-0.41861056971859,-0.47774212618713,-0.96710619169848],"1_2":[0.200633375492939,-0.6276172991319,-0.60405567784298,0.562722780762577,0.288939659357864,0.0624803582498543,0.569172505736214,0.133989683580237],"1_3":[0.592615692906968,-0.90877042086502,0.696883501590639,-0.39203822517843,0.256348423710463,-0.10352939883554,0.54099080113858,0.77253494705089],"1_4":[-0.44718508721968,-0.0305498472138,-0.71775219182604,0.892390045236998,-0.40798760203799,-0.44011823529414,-0.83539995612234,-0.86121830646755],"1_5":[-0.96157524455344,0.090198538704727,-0.67999250198909,-0.25631317269099,-0.31668637414903,0.139163373364352,0.162379267197195,-0.06095711101953],"1_6":[0.595769931916517,-0.08679247735717,0.693545016408156,0.673493461749574,-0.57958199109152,0.175046446920714,-0.36834167421671,-0.78824927441265],"1_7":[-0.90105017564402,-0.99047829047208,-0.54913004609733,0.353878775829962,0.173773251518712,-0.3466672150462,-0.9178001318155,0.903707893304473],"1_bias":[-0.88014846478288,-7.85461226425287,5.00879624346844,-1.4039927796834,-5.45766374188887,0.944833330622098,-2.76098377536464,6.21322555326753],"2":1,"2_0":[0.147389630730461,-0.71592718079223,0.611688878236025,0.196971117872755,0.271922251326605,0.68748955533034,0.878510994423008,-0.46467275985542],"2_bias":[1.44783721005112],"input_amount":8,"layer_amount":3}