{"0":8,"0_0":[-0.65906813694084,0.325367618464796,-0.62895719927463,-0.36912158720992,-0.6155418591288,0.620715918793455,0.975277210658283,0.891064169483931],"0_1":[0.570330235543328,-0.10747030250649,-0.24286925105438,0.57142364876601,-0.9987393153453,-0.73028724740539,0.414210364938052,-0.85579270726494],"0_2":[0.823885827546862,-0.65807613255822,-0.8537230411183,-0.41208887510613,-0.85254584651152,-0.66433305118255,0.859425184766044,0.805899363536938],"0_3":[-0.312217397075,-0.77848383173136,-0.33836249010613,0.517460492585184,-0.36008307890721,-0.82305346338041,0.820923162517374,0.4588228300709],"0_4":[0.554529388320502,0.106289255203138,0.464675783616649,0.821412711790127,0.638655806345676,-0.06766780525573,-0.15232880305937,-0.19084855729905],"0_5":[-0.38804259187718,0.923863056571682,-0.23262109042775,0.643015448172948,-0.83891842818455,-0.24197254234196,-0.73517500365956,0.482053251752793],"0_6":[0.325994143493989,-0.15298757643853,0.191959009484175,-0.00709204478218,0.463468202696259,-0.74675777803407,0.0744591489270166,-0.7001982496004],"0_7":[0.412598581550408,-0.14137235276061,-0.94446479394506,-0.43662151940599,-0.65414602380936,0.147919919510936,-0.95717578938445,-0.49367639816412],"0_bias":[-0.48648369955143,-2.42186842632353,3.76847285771231,6.51521968101006,7.56227538205169,-0.21134072254888,-4.8752009602712,-4.36278717672055],"1":8,"1_0":[-0.14192405215288,-0.34236759007705,-0.01308918899073,0.0123346354232492,-0.73840946253224,0.130889026993187,0.25876310768547,0.328947037982767],"1_1":[0.558327228097351,-0.02994216377253,-0.72649680841239,-0.57357149726156,0.749455948320442,0.242955923781453,-0.79531364875892,0.110996295481731],"1_2":[-0.87317737191216,-0.25138248611824,-0.61589920775019,0.774354572472273,0.359832145192009,-0.0506677126083,-0.61584260014212,-0.49359184010017],"1_3":[0.21240216269134,-0.06880564732183,-0.82548237776057,0.868934775985934,-0.00810525339673,0.358992197484382,-0.86960347350786,0.705156087117415],"1_4":[-0.43979386759707,0.25082688601308,-0.94093305386887,0.23767461252897,0.969239886190323,0.847009069124138,0.855285537396598,0.741205335437316],"1_5":[-0.19934300791348,-0.580717288877,-0.16774258365855,0.420752854646113,-0.81468563767809,0.00548654030826534,0.912446035740408,0.434364949523382],"1_6":[0.0469034189716069,-0.56924474950327,-0.16986467159456,0.771967782799796,0.508064380337563,0.953065194051194,-0.62156867303743,0.873479934819156],"1_7":[0.996728113566274,-0.97759368792658,-0.13798845896808,-0.07317951201233,-0.89543498944075,-0.34919326379228,0.505833918047898,0.695375383409589],"1_bias":[7.63127570513297,-5.83708416316005,0.536248321693947,5.72762178203441,3.54798842322552,4.79238971920132,-2.86166400997656,7.7696133277978],"2":1,"2_0":[-0.81052344928028,-0.73843777096395,0.923160551391515,-0.37604841432114,-0.75737330993372,-0.20089148771635,0.233643237168936,0.484979751647171],"2_bias":[0.542033226980712],"input_amount":8,"layer_amount":3}