{"0":8,"0_0":[-0.85244400108449,-0.97813125516208,-0.68652771584379,-0.34815657252962,-0.80693856473359,-0.64161644351356,0.153823590286868,-0.26560550329447],"0_1":[0.328504770283652,-0.53961961200424,0.945013984034334,0.739402991556704,-0.70235870453366,-0.74837054217248,-0.38873507099111,0.486976976771577],"0_2":[0.247150936502375,-0.57047875103578,-0.40623481571201,0.246004153106828,0.691642512722732,-0.44742327975354,-0.38178475029105,-0.38053071422574],"0_3":[-0.45386808507034,-0.11332227076392,-0.7110262605317,-0.76935859127729,-0.03588301890856,-0.14915014065492,0.418748148116696,0.578352411574156],"0_4":[0.784489018842491,0.697047938533285,0.0102612288788808,-0.25816911977383,0.202281606577037,-0.26048012232204,0.946694332278777,0.613100278822776],"0_5":[-0.9476856078109,0.790364222487824,0.89413780224074,-0.31893798859256,-0.65643568635694,-0.17123162382618,-0.77456308453921,0.285046733072141],"0_6":[-0.77030991339156,-0.23249282285091,-0.34516806362489,-0.04191251195237,-0.79042875435442,0.0451149312920363,-0.28344848413874,0.204549561794131],"0_7":[-0.92688823077928,0.25208242248315,-0.48680954337759,0.1189142762447,0.0696384971751638,0.182342002819702,-0.72129638261669,-0.18700413344289],"0_bias":[-3.974105328381,-3.00604416459,3.97271141807393,3.94730268793571,0.495937181159617,0.632340780628864,-1.10980383164862,1.45667937375174],"1":8,"1_0":[0.801724876691465,-0.06191736704665,0.942702552700604,0.840410287806777,0.284656024532913,0.415957580726471,0.996958553283083,0.217309821197203],"1_1":[0.476506273766667,-0.20828702944658,0.699137218592667,-0.07814131348542,-0.99027392467691,-0.0128136779402,-0.5831234492242,-0.98290546257824],"1_2":[-0.57973094248298,0.185376186213188,-0.89293615985007,0.36695799888422,-0.77296428999272,0.342071074503768,-0.08676066378797,0.23770725535701],"1_3":[-0.15990123232713,0.140460613940476,0.0728450444600113,0.177677489956918,-0.05528289057751,0.0952964115118573,-0.21437859689899,0.0622113756110434],"1_4":[-0.11708500293211,-0.94651634017868,0.945807349893248,0.609225810795335,-0.86476360067802,-0.57704297829823,0.225742524964668,0.662450091273427],"1_5":[0.371369461787011,-0.25172248457272,-0.49458369315126,0.160785596583797,-0.47045758502267,0.140204530459461,-0.77647232271629,0.177434388915015],"1_6":[0.674866310583986,-0.86475651394309,0.407610907636459,-0.57968267926159,-0.74714611534986,0.744262866511671,0.675142925381032,0.930741815524736],"1_7":[-0.15727292661815,-0.89626639989034,0.339158827731903,-0.87107259051604,0.628575932658404,-0.44842122520745,0.864370986755859,-0.05709428150068],"1_bias":[7.23757560602784,-7.19173017499584,1.477119752794,-0.80298803302724,-2.60882944068277,-0.44154957140426,-0.69211163532414,5.74158875417206],"2":1,"2_0":[0.369357714184183,-0.32152791759046,-0.41314969332193,0.850108834348859,-0.6657672979872,0.588815460632002,-0.38730333042172,0.599523082998926],"2_bias":[0.627152710248764],"input_amount":8,"layer_amount":3}