{"0":8,"0_0":[0.0974400773943738,-0.7529717187703,-0.90740074141234,-0.40137454026153,0.779276525867041,-0.54463601716456,0.752359880677334,0.413639580818743],"0_1":[0.110333796106982,0.120230218054632,0.0972754668256848,0.281128963526301,0.472477423624018,-0.81928848929822,0.896305894997659,-0.45157332413371],"0_2":[0.222994445391105,0.782976921559364,-0.33297688668773,0.916496603238891,-0.68416691226804,-0.92319289779992,0.936288180401599,-0.7507587658891],"0_3":[0.695752568864692,0.269849934839671,0.923187266111751,-0.74557582606538,-0.87015089076726,-0.51729777108716,-0.63963595148219,0.979213049138786],"0_4":[-0.8577520614907,-0.07204911473276,0.529068323198642,0.277922859609265,0.169846026845252,-0.71098743265392,-0.86117634233365,0.701738351397768],"0_5":[-0.82783895150545,0.297253196782614,-0.11462115843311,0.225647969567881,-0.3385724068863,-0.48124895568904,-0.61670604592573,0.39115253582562],"0_6":[-0.93540769464665,-0.06624844973065,-0.42642582746591,0.684826843901075,0.305579354199086,0.0431600063709314,0.931431724680117,-0.94471814708306],"0_7":[-0.65935036665859,-0.25191262856642,-0.05712285034302,0.0623342220941234,0.0672337613237903,-0.7010195448958,-0.88042547863323,0.969235366259084],"0_bias":[-6.51251239834185,-2.1653000985411,-6.70484570821035,4.88648579547326,-7.96199683348921,4.72300319893811,6.76367550996487,3.75496905177351],"1":8,"1_0":[0.859337709864702,-0.71464925461414,-0.46499092261361,0.17947320472922,0.132219868600033,0.280582369078521,0.219249743403194,0.179685214213295],"1_1":[-0.76915199905284,-0.62500523854218,-0.23001109203071,0.881717613603407,-0.353411807806,-0.72923051019858,-0.95120127526128,0.345232641059634],"1_2":[0.259929934806727,-0.81745848891358,0.393382538304659,-0.42243736449503,0.0681909432517911,0.23300478031636,0.551382015530776,0.3342484609972],"1_3":[-0.17600042947836,0.0765003371682462,0.103236736056957,0.163859340414854,0.349316255369401,-0.92862586699924,-0.88882401410055,-0.3951977003305],"1_4":[0.859385057069323,0.207236477192196,0.0725655688996729,0.86699472298142,-0.49107140768893,0.375950950727091,0.473937844330467,-0.93530446246388],"1_5":[0.338079516174878,-0.34970023276212,0.483867429461484,-0.62024033335044,-0.25316891505353,0.438434111857822,0.84002270101146,0.688347251003573],"1_6":[-0.09540624887578,0.872535996373113,-0.43181157593126,0.762204438113318,0.814124951325508,0.444880204349783,0.2630069518238,0.124892534608512],"1_7":[0.61263401438068,-0.10933616248829,-0.70979231037289,-0.57450426266927,0.894735821666357,-0.20521177194836,0.150314042496086,-0.07307531123425],"1_bias":[5.23018607220394,-3.60509147134123,-1.92942981933347,5.03200311761944,6.04447205635651,-3.67788137716709,-0.91775533152768,7.21894897447705],"2":1,"2_0":[0.859902845358377,0.182983347430089,-0.30617766558674,0.282006509567249,0.434715744277532,0.795418348608016,0.406052765302639,-0.16366833879414],"2_bias":[6.55585051787759],"input_amount":8,"layer_amount":3}