{"0":8,"0_0":[0.897464861259027,-0.17965649027766,-0.30209921497083,0.41489502993237,-0.41961109131623,0.0903303663166855,0.67926600906637,0.100999547050804],"0_1":[0.899737647980906,-0.62093501353138,0.885612106862107,0.473935318445117,0.854155945372503,0.66364861485635,-0.25895581571567,0.998160279302505],"0_2":[0.435294660380908,0.274933955135076,0.505758452521773,-0.26812843077339,-0.48454219141564,-0.35602656352282,0.764587091283873,0.748483333053085],"0_3":[-0.79043246475259,0.964506279584683,-0.59010474752721,-0.69303070172596,-0.4499217144014,-0.57845114926186,-0.33514788898398,0.657420357281146],"0_4":[-0.4423607184942,0.565247892061946,0.144648851983523,0.847011861012124,-0.79835920985438,-0.21876572767778,0.203851144257206,0.360419068741355],"0_5":[0.812097126337799,0.782255709994255,0.410479395096784,-0.34946038031482,0.980819470065322,-0.6916664324845,0.755427262290703,-0.10860913701083],"0_6":[-0.10850569834464,0.1792653399254,-0.64801686310128,-0.3577451966011,-0.3001103264681,-0.3534364385561,0.671390183271723,0.240278500956756],"0_7":[0.537206977455757,0.11911841812127,0.000458591034783407,0.0791142858440104,-0.49945605418891,0.950406041457572,0.999889381316508,0.406396877974135],"0_bias":[2.41869124897167,-6.80846640445101,-4.417617244707,-6.40049686371554,-5.44406384633185,7.01116692129218,-7.9749184795428,3.27001190866602],"1":8,"1_0":[0.072862913052048,-0.60912255166913,-0.99746255151352,-0.52644420871435,-0.41823594164398,0.270687834450973,0.313628754340278,0.733268372848025],"1_1":[-0.425400666754,0.690853014894741,0.928661056157394,0.0910197430042534,0.282377446998808,-0.65952358699698,0.0811143102141445,-0.44718382719806],"1_2":[0.800221351489026,0.416893657554692,0.946076458641594,-0.77015170545327,0.802909673655433,0.461906117349766,-0.70943149646811,-0.53260472256425],"1_3":[-0.74080415506209,-0.28073859697058,0.562119232926371,-0.17458583316107,0.314752628121979,-0.75056528287469,-0.98640156830607,-0.55430578808956],"1_4":[0.948156254005306,0.197286081555612,0.494457114728267,0.923345532460383,-0.35443701645712,0.487954664030793,-0.13187698308524,0.484294962468303],"1_5":[0.100956808584535,-0.22165115657889,-0.32427198167561,-0.13418363320102,0.0832084128452193,-0.08192697893777,0.635734283626507,0.37975665992218],"1_6":[-0.77677285951102,-0.6889271838297,0.555865016925782,0.756775364082745,-0.78375058244243,-0.77434246902563,0.0278950591809972,-0.55899875192106],"1_7":[0.794557815503421,-0.41005520805365,-0.50058955930667,-0.07727719140547,0.0752623690007794,-0.2915659403288,0.647749878361151,0.398565011114847],"1_bias":[-1.41985039411674,-1.07166611919009,-4.16469655950957,-4.61336852088206,-5.61930722928273,-3.70702331524066,1.63685906108183,3.42386692441277],"2":1,"2_0":[0.822497607066423,-0.17681035632114,0.0891549168983836,0.240951150064523,0.0664863155151523,0.0774258355151671,-0.6276885172268,0.720133452604081],"2_bias":[3.62439918919759],"input_amount":8,"layer_amount":3}